{
    "now": "2025-04-26T04:26:54.005Z",
    "perfNow": 36806,
    "diagnosticCorrelation": "f2acf612-9a8a-42dd-8bbc-45d10a84314c",
    "source": "DownloadSupportFiles",
    "environment": {
        "productName": "adf",
        "buildVersion": "1.0.041625.13",
        "environmentType": 3,
        "resourceName": "FLIGHTAF",
        "resourceRegion": "southafricanorth",
        "resourceGroup": "FLIGHT",
        "subscriptionId": "47420762-8283-42d5-82ff-e62197596404",
        "sessionId": "1w9hjI4Fv8cJFFORurZV5k",
        "operationId": "",
        "gitType": "live",
        "loggingKey": "b5892804-bdd0-4e75-bb41-a249d7106134"
    },
    "additionalInfo": {
        "selectedResource": "Transformation",
        "selectedResourceType": "pipeline"
    }
}