{
    "name": "AzureDataLakeStorage",
    "type": "Microsoft.DataFactory/factories/linkedservices",
    "properties": {
        "annotations": [],
        "type": "AzureBlobFS",
        "typeProperties": {
            "url": "https://fligjhtsg.dfs.core.windows.net/",
            "accountKey": {
                "type": "AzureKeyVaultSecret",
                "store": {
                    "referenceName": "AzureKeyVault1",
                    "type": "LinkedServiceReference"
                },
                "secretName": "StorageKey"
            }
        }
    }
}