{
    "name": "amadeousapi",
    "properties": {
        "linkedServiceName": {
            "referenceName": "amadeousLS",
            "type": "LinkedServiceReference"
        },
        "parameters": {
            "destination": {
                "type": "String"
            },
            "origin": {
                "type": "String"
            },
            "retriveddate": {
                "type": "String"
            }
        },
        "annotations": [],
        "type": "RestResource",
        "typeProperties": {
            "relativeUrl": {
                "value": "@concat('?originIataCode=',dataset().origin,'&destinationIataCode=',dataset().destination,'&departureDate=',dataset().retriveddate)",
                "type": "Expression"
            }
        },
        "schema": []
    },
    "type": "Microsoft.DataFactory/factories/datasets"
}