{
    "name": "Copy_AmadeousData",
    "properties": {
        "linkedServiceName": {
            "referenceName": "AzureDataLakeStorage",
            "type": "LinkedServiceReference"
        },
        "parameters": {
            "datee": {
                "type": "String"
            },
            "FiscalYear": {
                "type": "String"
            },
            "destination": {
                "type": "String"
            },
            "origin": {
                "type": "String"
            },
            "retrivedmonth": {
                "type": "String"
            }
        },
        "annotations": [],
        "type": "Json",
        "typeProperties": {
            "location": {
                "type": "AzureBlobFSLocation",
                "fileName": {
                    "value": "@concat(dataset().origin,'_',dataset().destination,'_',dataset().datee)",
                    "type": "Expression"
                },
                "folderPath": {
                    "value": "@concat('/raw/Amadeous-',dataset().FiscalYear,'/route:',dataset().origin,'-',dataset().destination,'/Month=',dataset().retrivedmonth)\n\n",
                    "type": "Expression"
                },
                "fileSystem": "bronze"
            }
        },
        "schema": {}
    },
    "type": "Microsoft.DataFactory/factories/datasets"
}