{
    "now": "2025-04-26T04:26:41.112Z",
    "perfNow": 23912.69999998808,
    "diagnosticCorrelation": "fda39c0e-dc20-4fff-91c1-30b30792e204",
    "source": "DownloadSupportFiles",
    "environment": {
        "productName": "adf",
        "buildVersion": "1.0.041625.13",
        "environmentType": 3,
        "resourceName": "FLIGHTAF",
        "resourceRegion": "southafricanorth",
        "resourceGroup": "FLIGHT",
        "subscriptionId": "47420762-8283-42d5-82ff-e62197596404",
        "sessionId": "1w9hjI4Fv8cJFFORurZV5k",
        "operationId": "",
        "gitType": "live",
        "loggingKey": "b5892804-bdd0-4e75-bb41-a249d7106134"
    },
    "additionalInfo": {
        "selectedResource": "INGESTION",
        "selectedResourceType": "pipeline"
    }
}