{
    "name": "Transformation",
    "properties": {
        "activities": [
            {
                "name": "Cummilative and VerifiedData",
                "description": "It extracts the data from the bronze and performs the transformations and stores into silver container",
                "type": "DatabricksNotebook",
                "state": "Inactive",
                "onInactiveMarkAs": "Succeeded",
                "dependsOn": [],
                "policy": {
                    "timeout": "0.12:00:00",
                    "retry": 0,
                    "retryIntervalInSeconds": 30,
                    "secureOutput": false,
                    "secureInput": false
                },
                "userProperties": [],
                "typeProperties": {
                    "notebookPath": "/Users/anumalagopichand100@gmail.com/Cummilative_VerifiedData-SilverContainer",
                    "baseParameters": {
                        "origin": {
                            "value": "@pipeline().parameters.origin",
                            "type": "Expression"
                        },
                        "destination": {
                            "value": "@pipeline().parameters.destination",
                            "type": "Expression"
                        }
                    }
                },
                "linkedServiceName": {
                    "referenceName": "AzureDatabricksLS_fligjhtsg",
                    "type": "LinkedServiceReference"
                }
            },
            {
                "name": "EnrichedData-SilverContainer",
                "description": "Integrated with holidays and enriched the data ,stored in a silver container(Enriched data)",
                "type": "DatabricksNotebook",
                "state": "Inactive",
                "onInactiveMarkAs": "Succeeded",
                "dependsOn": [
                    {
                        "activity": "Cummilative and VerifiedData",
                        "dependencyConditions": [
                            "Succeeded"
                        ]
                    }
                ],
                "policy": {
                    "timeout": "0.12:00:00",
                    "retry": 0,
                    "retryIntervalInSeconds": 30,
                    "secureOutput": false,
                    "secureInput": false
                },
                "userProperties": [],
                "typeProperties": {
                    "notebookPath": "/Users/anumalagopichand100@gmail.com/Holiday_Integration:EnrichedData",
                    "baseParameters": {
                        "origin": {
                            "value": "@pipeline().parameters.origin",
                            "type": "Expression"
                        },
                        "destination": {
                            "value": "@pipeline().parameters.destination",
                            "type": "Expression"
                        }
                    }
                },
                "linkedServiceName": {
                    "referenceName": "AzureDatabricksLS_fligjhtsg",
                    "type": "LinkedServiceReference"
                }
            },
            {
                "name": "StarSchema-GoldContainer",
                "description": "Datamodelling and storing the facts and dimensions in Gold Container",
                "type": "DatabricksNotebook",
                "state": "Inactive",
                "onInactiveMarkAs": "Succeeded",
                "dependsOn": [
                    {
                        "activity": "EnrichedData-SilverContainer",
                        "dependencyConditions": [
                            "Succeeded"
                        ]
                    }
                ],
                "policy": {
                    "timeout": "0.12:00:00",
                    "retry": 0,
                    "retryIntervalInSeconds": 30,
                    "secureOutput": false,
                    "secureInput": false
                },
                "userProperties": [],
                "typeProperties": {
                    "notebookPath": "/Users/anumalagopichand100@gmail.com/StarSchema",
                    "baseParameters": {
                        "origin": {
                            "value": "@pipeline().parameters.origin",
                            "type": "Expression"
                        },
                        "destination": {
                            "value": "@pipeline().parameters.destination",
                            "type": "Expression"
                        }
                    }
                },
                "linkedServiceName": {
                    "referenceName": "AzureDatabricksLS_fligjhtsg",
                    "type": "LinkedServiceReference"
                }
            }
        ],
        "parameters": {
            "origin": {
                "type": "string",
                "defaultValue": "LHR"
            },
            "destination": {
                "type": "string",
                "defaultValue": "CDG"
            }
        },
        "annotations": [],
        "lastPublishTime": "2025-04-23T19:04:12Z"
    },
    "type": "Microsoft.DataFactory/factories/pipelines"
}