{
    "name": "INGESTION",
    "properties": {
        "activities": [
            {
                "name": "ClientID",
                "description": "accessing the encrypted ClientID through keyVault",
                "type": "WebActivity",
                "dependsOn": [],
                "policy": {
                    "timeout": "0.12:00:00",
                    "retry": 0,
                    "retryIntervalInSeconds": 30,
                    "secureOutput": false,
                    "secureInput": false
                },
                "userProperties": [],
                "typeProperties": {
                    "method": "GET",
                    "url": "https://flightkv.vault.azure.net/secrets/ClientId/1b59bec393cd42539646b85eaeecc371?api-version=7.0",
                    "authentication": {
                        "type": "MSI",
                        "resource": "https://vault.azure.net"
                    }
                }
            },
            {
                "name": "ClientSecret",
                "type": "WebActivity",
                "dependsOn": [],
                "policy": {
                    "timeout": "0.12:00:00",
                    "retry": 0,
                    "retryIntervalInSeconds": 30,
                    "secureOutput": false,
                    "secureInput": false
                },
                "userProperties": [],
                "typeProperties": {
                    "method": "GET",
                    "url": "https://flightkv.vault.azure.net/secrets/ClientSecret/48fe4dfc7a5e4997a585ca319f16a999?api-version=7.0",
                    "authentication": {
                        "type": "MSI",
                        "resource": "https://vault.azure.net"
                    }
                }
            },
            {
                "name": "AmadeousApi_ADLSG2",
                "description": "It ingests the data from Amadeous APi Upto a range of 4 years",
                "type": "ForEach",
                "dependsOn": [
                    {
                        "activity": "ClientID",
                        "dependencyConditions": [
                            "Succeeded"
                        ]
                    },
                    {
                        "activity": "ClientSecret",
                        "dependencyConditions": [
                            "Succeeded"
                        ]
                    }
                ],
                "userProperties": [],
                "typeProperties": {
                    "items": {
                        "value": "@range(0,366)",
                        "type": "Expression"
                    },
                    "isSequential": true,
                    "activities": [
                        {
                            "name": "Retrive_client_key",
                            "description": "",
                            "type": "WebActivity",
                            "dependsOn": [],
                            "policy": {
                                "timeout": "0.12:00:00",
                                "retry": 0,
                                "retryIntervalInSeconds": 30,
                                "secureOutput": false,
                                "secureInput": false
                            },
                            "userProperties": [],
                            "typeProperties": {
                                "method": "POST",
                                "headers": {
                                    "Content-Type": "application/x-www-form-urlencoded"
                                },
                                "url": {
                                    "value": "https://test.api.amadeus.com/v1/security/oauth2/token",
                                    "type": "Expression"
                                },
                                "body": {
                                    "value": "@concat(\n  'grant_type=client_credentials&client_id=',\n activity('ClientID').output.value,\n  '&client_secret=',activity('ClientSecret').output.value\n)",
                                    "type": "Expression"
                                }
                            }
                        },
                        {
                            "name": "currentdate",
                            "type": "SetVariable",
                            "dependsOn": [
                                {
                                    "activity": "Retrive_client_key",
                                    "dependencyConditions": [
                                        "Succeeded"
                                    ]
                                }
                            ],
                            "policy": {
                                "secureOutput": false,
                                "secureInput": false
                            },
                            "userProperties": [],
                            "typeProperties": {
                                "variableName": "Datevalue",
                                "value": {
                                    "value": "@formatDateTime(addDays('2019-01-01', item()), 'yyyy-MM-dd')",
                                    "type": "Expression"
                                }
                            }
                        },
                        {
                            "name": "AmadeousIngestion",
                            "description": "Using the access token retrieved from the previous activity, we call the API with the access token, origin, destination, and `oneway: true`. The date is retrieved from the current date activity.",
                            "type": "Copy",
                            "dependsOn": [
                                {
                                    "activity": "currentdate",
                                    "dependencyConditions": [
                                        "Succeeded"
                                    ]
                                }
                            ],
                            "policy": {
                                "timeout": "0.12:00:00",
                                "retry": 0,
                                "retryIntervalInSeconds": 30,
                                "secureOutput": false,
                                "secureInput": false
                            },
                            "userProperties": [],
                            "typeProperties": {
                                "source": {
                                    "type": "RestSource",
                                    "httpRequestTimeout": "00:01:40",
                                    "requestInterval": "00.00:00:00.010",
                                    "requestMethod": "GET",
                                    "additionalHeaders": {
                                        "Authorization": {
                                            "value": "@concat('Bearer ', activity('Retrive_client_key').output.access_token)",
                                            "type": "Expression"
                                        }
                                    },
                                    "paginationRules": {
                                        "supportRFC5988": "true"
                                    }
                                },
                                "sink": {
                                    "type": "JsonSink",
                                    "storeSettings": {
                                        "type": "AzureBlobFSWriteSettings"
                                    },
                                    "formatSettings": {
                                        "type": "JsonWriteSettings"
                                    }
                                },
                                "enableStaging": false
                            },
                            "inputs": [
                                {
                                    "referenceName": "amadeousapi",
                                    "type": "DatasetReference",
                                    "parameters": {
                                        "destination": {
                                            "value": "@pipeline().parameters.destination",
                                            "type": "Expression"
                                        },
                                        "origin": {
                                            "value": "@pipeline().parameters.origin",
                                            "type": "Expression"
                                        },
                                        "retriveddate": {
                                            "value": "@variables('Datevalue')",
                                            "type": "Expression"
                                        }
                                    }
                                }
                            ],
                            "outputs": [
                                {
                                    "referenceName": "Copy_AmadeousData",
                                    "type": "DatasetReference",
                                    "parameters": {
                                        "datee": {
                                            "value": "@variables('Datevalue')",
                                            "type": "Expression"
                                        },
                                        "FiscalYear": {
                                            "value": "@formatDateTime(variables('Datevalue'),'yyyy')",
                                            "type": "Expression"
                                        },
                                        "destination": {
                                            "value": "@pipeline().parameters.destination",
                                            "type": "Expression"
                                        },
                                        "origin": {
                                            "value": "@pipeline().parameters.origin",
                                            "type": "Expression"
                                        },
                                        "retrivedmonth": {
                                            "value": "@formatDateTime(variables('Datevalue'),'MM')",
                                            "type": "Expression"
                                        }
                                    }
                                }
                            ]
                        }
                    ]
                }
            }
        ],
        "parameters": {
            "origin": {
                "type": "string",
                "defaultValue": "CDG"
            },
            "destination": {
                "type": "string",
                "defaultValue": "AMS"
            }
        },
        "variables": {
            "Datevalue": {
                "type": "String"
            }
        },
        "annotations": [],
        "lastPublishTime": "2025-04-14T18:53:59Z"
    },
    "type": "Microsoft.DataFactory/factories/pipelines"
}