{
    "name": "lOADING",
    "properties": {
        "activities": [
            {
                "name": "Copy data-SqlServer",
                "type": "Copy",
                "dependsOn": [],
                "policy": {
                    "timeout": "0.12:00:00",
                    "retry": 0,
                    "retryIntervalInSeconds": 30,
                    "secureOutput": false,
                    "secureInput": false
                },
                "userProperties": [],
                "typeProperties": {
                    "source": {
                        "type": "ParquetSource",
                        "storeSettings": {
                            "type": "AzureBlobFSReadSettings",
                            "recursive": true,
                            "wildcardFolderPath": {
                                "value": "@concat('StarSchema/FactsParquet/Fact_Flight:',pipeline().parameters.origin,'-',pipeline().parameters.destination)",
                                "type": "Expression"
                            },
                            "wildcardFileName": "*.parquet",
                            "enablePartitionDiscovery": false
                        },
                        "formatSettings": {
                            "type": "ParquetReadSettings"
                        }
                    },
                    "sink": {
                        "type": "SqlServerSink",
                        "writeBehavior": "insert",
                        "sqlWriterUseTableLock": false,
                        "tableOption": "autoCreate"
                    },
                    "enableStaging": false,
                    "translator": {
                        "type": "TabularTranslator",
                        "typeConversion": true,
                        "typeConversionSettings": {
                            "allowDataTruncation": true,
                            "treatBooleanAsNumber": false
                        }
                    }
                },
                "inputs": [
                    {
                        "referenceName": "Parquet1",
                        "type": "DatasetReference",
                        "parameters": {
                            "orign": {
                                "value": "@pipeline().parameters.origin",
                                "type": "Expression"
                            },
                            "destination": {
                                "value": "@pipeline().parameters.destination",
                                "type": "Expression"
                            }
                        }
                    }
                ],
                "outputs": [
                    {
                        "referenceName": "SqlServerTable1",
                        "type": "DatasetReference"
                    }
                ]
            }
        ],
        "parameters": {
            "origin": {
                "type": "String",
                "defaultValue": "LHR"
            },
            "destination": {
                "type": "String",
                "defaultValue": "CDG"
            }
        },
        "annotations": [],
        "lastPublishTime": "2025-04-23T18:43:24Z"
    },
    "type": "Microsoft.DataFactory/factories/pipelines"
}