{
    "name": "AzureDatabricksLS_fligjhtsg",
    "type": "Microsoft.DataFactory/factories/linkedservices",
    "properties": {
        "annotations": [],
        "type": "AzureDatabricks",
        "typeProperties": {
            "domain": "https://adb-3487933508714463.3.azuredatabricks.net",
            "accessToken": {
                "type": "AzureKeyVaultSecret",
                "store": {
                    "referenceName": "AzureKeyVault1",
                    "type": "LinkedServiceReference"
                },
                "secretName": "databricksaccesstoken"
            },
            "existingClusterId": "0403-222431-6eblweo5"
        }
    }
}