{
    "name": "Parquet1",
    "properties": {
        "linkedServiceName": {
            "referenceName": "AzureDataLakeStorage",
            "type": "LinkedServiceReference"
        },
        "parameters": {
            "orign": {
                "type": "String"
            },
            "destination": {
                "type": "String"
            }
        },
        "annotations": [],
        "type": "Parquet",
        "typeProperties": {
            "location": {
                "type": "AzureBlobFSLocation",
                "folderPath": {
                    "value": "@concat('StarSchema/FactsParquet/Fact_Flight:',dataset().orign,'-',dataset().destination)",
                    "type": "Expression"
                },
                "fileSystem": "gold"
            },
            "compressionCodec": "snappy"
        },
        "schema": []
    },
    "type": "Microsoft.DataFactory/factories/datasets"
}