{
    "name": "SqlServerTable1",
    "properties": {
        "linkedServiceName": {
            "referenceName": "SqlServer1",
            "type": "LinkedServiceReference"
        },
        "annotations": [],
        "type": "SqlServerTable",
        "schema": [
            {
                "name": "S_No",
                "type": "int",
                "precision": 10
            },
            {
                "name": "CurrencyCode",
                "type": "nvarchar"
            },
            {
                "name": "Departure_Date",
                "type": "date"
            },
            {
                "name": "Destination",
                "type": "nvarchar"
            },
            {
                "name": "OneWay",
                "type": "bit"
            },
            {
                "name": "Origin",
                "type": "nvarchar"
            },
            {
                "name": "Economy",
                "type": "float",
                "precision": 15
            },
            {
                "name": "PremiumEconomy",
                "type": "float",
                "precision": 15
            },
            {
                "name": "Business",
                "type": "float",
                "precision": 15
            },
            {
                "name": "First",
                "type": "float",
                "precision": 15
            },
            {
                "name": "is_origin_holiday",
                "type": "bit"
            },
            {
                "name": "is_destination_holiday",
                "type": "bit"
            },
            {
                "name": "origin_holiday_name",
                "type": "nvarchar"
            },
            {
                "name": "destination_holiday_name",
                "type": "nvarchar"
            },
            {
                "name": "is_holiday_route",
                "type": "int",
                "precision": 10
            },
            {
                "name": "holiday_name",
                "type": "nvarchar"
            },
            {
                "name": "origin_code",
                "type": "nvarchar"
            },
            {
                "name": "Origin_Airport_Name",
                "type": "nvarchar"
            },
            {
                "name": "destination_code",
                "type": "nvarchar"
            },
            {
                "name": "Destination_Airport_Name",
                "type": "nvarchar"
            }
        ],
        "typeProperties": {
            "schema": "dbo",
            "table": "FlightPricePrediction"
        }
    },
    "type": "Microsoft.DataFactory/factories/datasets"
}